"OSrXXb","rllt__details","rllt__details 2","rllt__details 3","rllt__details 4","ncRHuf","yYlJEf href","yYlJEf href 2","QuU3Wb 2"
"Farmacia Cespede","Farmacia","Reconquista, Santa Fe · 03482 42-9464","· Cierra a las 9 p.m.","Abierto","Entrega a domicilio","https://www.google.com/maps/dir//Farmacia+Cespede,+S3560+Reconquista,+Santa+Fe/data=!4m6!4m5!1m1!4e2!1m2!1m1!1s0x944eba971bc866c5:0xdd92d9bb4c488d42?sa=X&ved=1t:57443&ictx=111","",""
"Farmacia Agustini","Farmacia","Blvd. Hipólito Yrigoyen 476 · 03482 43-4471","· Cierra a las 12:15 p.m.","Abierto","Entrega a domicilio","https://www.google.com/maps/dir//Farmacia+Agustini,+Blvd.+Hip%C3%B3lito+Yrigoyen+476,+S3560+Reconquista,+Santa+Fe/data=!4m6!4m5!1m1!4e2!1m2!1m1!1s0x944ebba015e2601f:0xbcf7d9d96f40b550?sa=X&ved=1t:57443&ictx=111","",""
"Farmacia Degiusti","Farmacia","Reconquista, Santa Fe · 03482 42-9956","","Abierto ahora","Entrega a domicilio","https://www.google.com/maps/dir//Farmacia+Degiusti,+S3560+Reconquista,+Santa+Fe/data=!4m6!4m5!1m1!4e2!1m2!1m1!1s0x944eba9f0f416ac9:0x1b3407c27f2bf413?sa=X&ved=1t:57443&ictx=111","",""
"Farmacia GALENO","Farmacia","Olessio 999 · 03482 43-1368","· Cierra a las 12:15 p.m.","Abierto","Compras en tienda","https://www.google.com/maps/dir//Farmacia+GALENO,+Olessio+999,+S3560FNS+Reconquista,+Santa+Fe/data=!4m6!4m5!1m1!4e2!1m2!1m1!1s0x944eba9948f5fc6b:0x7667aa1e3cae2785?sa=X&ved=1t:57443&ictx=111","http://www.farmacia-galeno.com/","Sitio web"
"Farmacia De Turno","Escuela universitaria","Iturraspe 1540 · 03482 26-2460","","","","https://www.google.com/maps/dir//Farmacia+De+Turno,+Iturraspe+1540,+S3560DZF+Reconquista,+Santa+Fe/data=!4m6!4m5!1m1!4e2!1m2!1m1!1s0x944eba9d4a07e7d9:0x55ceeac8b12ca446?sa=X&ved=1t:57443&ictx=111","",""
"Farmacia Mutual Jerárquicos - Reconquista","Farmacia","Patricio Diez 1025 · 0810-555-0155","· Cierra a la 1 p.m.","Abierto","Entrega a domicilio","https://www.google.com/maps/dir//Farmacia+Mutual+Jer%C3%A1rquicos+-+Reconquista,+Patricio+Diez+1025,+S3560FUU+Reconquista,+Santa+Fe/data=!4m6!4m5!1m1!4e2!1m2!1m1!1s0x944eba9bbeaeead3:0xb7968ee66cdf37e3?sa=X&ved=1t:57443&ictx=111","http://www.jerarquicos.com/seccion_64_farmacia-mutual.html","Sitio web"
"Farmacia Peirone","Farmacia","Reconquista, Santa Fe · 03482 42-1296","","Abierto ahora","Entrega a domicilio","https://www.google.com/maps/dir//Farmacia+Peirone,+S3560+Reconquista,+Santa+Fe/data=!4m6!4m5!1m1!4e2!1m2!1m1!1s0x944ebaadddcf2327:0x47c86d4b3a7d3152?sa=X&ved=1t:57443&ictx=111","",""
"Farmacia Bournissent","Farmacia","Reconquista, Santa Fe · 03482 42-1259","· 12 p.m.","Cierra pronto","Entrega a domicilio","https://www.google.com/maps/dir//Farmacia+Bournissent,+S3560+Reconquista,+Santa+Fe/data=!4m6!4m5!1m1!4e2!1m2!1m1!1s0x944eba9ccc87cbeb:0x87d502690d101874?sa=X&ved=1t:57443&ictx=111","",""
"Farmacia Menendez","Farmacia","San Martín 402 · 03482 42-4166","· 12 p.m.","Cierra pronto","Entrega a domicilio","https://www.google.com/maps/dir//Farmacia+Menendez,+San+Mart%C3%ADn+402,+S3560GUJ+Reconquista,+Santa+Fe/data=!4m6!4m5!1m1!4e2!1m2!1m1!1s0x944eba9101c72d4d:0xcf07867f75803f95?sa=X&ved=1t:57443&ictx=111","",""
"FARMACIA SOLODKOW","Farmacia","Gral. Belgrano 680 · 03482 42-9484","· 12 p.m.","Cierra pronto","Entrega a domicilio","https://www.google.com/maps/dir//FARMACIA+SOLODKOW,+Gral.+Belgrano+680,+S3560+Reconquista,+Santa+Fe/data=!4m6!4m5!1m1!4e2!1m2!1m1!1s0x944eb0721fa50b0f:0x17668e239a9b691b?sa=X&ved=1t:57443&ictx=111","https://www.facebook.com/Farmacia-Solodkow-104606304453621/","Sitio web"
"Farmacia ALAL","Farmacia","Iturraspe 676 · 03482 42-1242","· 12 p.m.","Cierra pronto","Entrega a domicilio","https://www.google.com/maps/dir//Farmacia+ALAL,+Iturraspe+676,+S3560+Reconquista,+Santa+Fe/data=!4m6!4m5!1m1!4e2!1m2!1m1!1s0x944eba90a2e26349:0xcfb7a0a8e113c09?sa=X&ved=1t:57443&ictx=111","https://www.instagram.com/farmaciaalal?utm_source=ig_web_button_share_sheet&igsh=ZDNlZDc0MzIxNw==","Sitio web"
"Farmacia Tiseyra","Farmacia","S3560ETS, Lucas Funes 961","","","Entrega a domicilio","https://www.google.com/maps/dir//Farmacia+Tiseyra,+S3560ETS,+Lucas+Funes+961,+S3560ETS+Reconquista,+Santa+Fe/data=!4m6!4m5!1m1!4e2!1m2!1m1!1s0x944eba9dd3841d23:0x9e92ab048bac4d24?sa=X&ved=1t:57443&ictx=111","",""
"Farmacia Nadalich","Farmacia","RN A009","","Abierto ahora","Entrega a domicilio","https://www.google.com/maps/dir//Farmacia+Nadalich,+RN+A009,+S3560+Reconquista,+Santa+Fe/data=!4m6!4m5!1m1!4e2!1m2!1m1!1s0x944ea55500d4d5e7:0x84635dbd01e47641?sa=X&ved=1t:57443&ictx=111","",""
"Farmacia Paduan","Farmacia","9 de Julio 498 · 03482 15-65-3610","· Cierra a la 1 p.m.","Abierto","Entrega a domicilio","https://www.google.com/maps/dir//Farmacia+Paduan,+9+de+Julio+498,+S3260+Reconquista,+Santa+Fe/data=!4m6!4m5!1m1!4e2!1m2!1m1!1s0x944ebb5757452aa9:0xd6ee433ed84202fd?sa=X&ved=1t:57443&ictx=111","",""
"Farmacia Moschen","Farmacia","Reconquista, Santa Fe · 03482 43-7181","· 12 p.m.","Cierra pronto","Entrega a domicilio","https://www.google.com/maps/dir//Farmacia+Moschen,+S3560+Reconquista,+Santa+Fe/data=!4m6!4m5!1m1!4e2!1m2!1m1!1s0x944eba9a995a99b5:0x85ba786f8a5c51e3?sa=X&ved=1t:57443&ictx=111","",""
"Farmacia Ballario","Farmacia","Patricio Diez 217 · 03482 20-0700","· Cierra a las 12:15 p.m.","Abierto","Entrega a domicilio","https://www.google.com/maps/dir//Farmacia+Ballario,+Patricio+Diez+217,+S3560+Reconquista,+Santa+Fe/data=!4m6!4m5!1m1!4e2!1m2!1m1!1s0x944eba942620ad51:0x2b5a145821cf71b5?sa=X&ved=1t:57443&ictx=111","https://instagram.com/farmaciaballario?igshid=YmMyMTA2M2Y=","Sitio web"
"Farmacia Vizcay","Farmacia","25 de Mayo 1088 · 03482 21-8311","· 12 p.m.","Cierra pronto","Entrega a domicilio","https://www.google.com/maps/dir//Farmacia+Vizcay,+25+de+Mayo+1088,+S3560+Reconquista,+Santa+Fe/data=!4m6!4m5!1m1!4e2!1m2!1m1!1s0x944ebb0f5e92b851:0x6f4e0a551b1742c0?sa=X&ved=1t:57443&ictx=111","https://www.instagram.com/farmaciavizcay/","Sitio web"
"Farmacia BACCA","Farmacia","Pietropaolo 2074 · 03482 48-3449","· Cierra a las 12:15 p.m.","Abierto","Entrega a domicilio","https://www.google.com/maps/dir//Farmacia+BACCA,+Pietropaolo+2074,+S3560+Reconquista,+Santa+Fe/data=!4m6!4m5!1m1!4e2!1m2!1m1!1s0x944eba76c78fde35:0x7ddc666d400f0ad2?sa=X&ved=1t:57443&ictx=111","",""
"Farmacia Castillo","Farmacia","AYD, Gral. Belgrano 1486 · 03482 27-1111","· 12 p.m.","Cierra pronto","Entrega a domicilio","https://www.google.com/maps/dir//Farmacia+Castillo,+AYD,+Gral.+Belgrano+1486,+S3560+Reconquista,+Santa+Fe/data=!4m6!4m5!1m1!4e2!1m2!1m1!1s0x944ebaa2fc7e07e1:0x64121467383646a9?sa=X&ved=1t:57443&ictx=111","",""
"Farmacia Amado","Farmacia","C. Fray Antonio Rossi 2078 · 03482 75-1393","· 12 p.m.","Cierra pronto","Entrega a domicilio","https://www.google.com/maps/dir//Farmacia+Amado,+C.+Fray+Antonio+Rossi+2078,+S3560+Reconquista,+Santa+Fe/data=!4m6!4m5!1m1!4e2!1m2!1m1!1s0x944ebb0067bac909:0x340878f51035aa41?sa=X&ved=1t:57443&ictx=111","https://www.instagram.com/farmaciaamado.rqta?igsh=d2dqM3Y0and1c3l5","Sitio web"